Year,Week Begin Date,Week End Date,Top 10 Gross,Top 10 Pct Change Week Prior,Overall Gross,Overall Gross Pct Change Week Prior,Releases,Top Release,Week
2025,7/11/2025,7/17/2025,"$296,195,839 ",26.70%,"$300,032,785 ",25.60%,58,Superman,28
2025,7/4/2025,7/10/2025,"$233,701,669 ",-4.70%,"$238,967,618 ",-5.10%,61,Jurassic World: Rebirth,27
2025,6/27/2025,7/3/2025,"$245,354,117 ",36.10%,"$251,845,844 ",33.50%,65,F1: The Movie,26
2025,6/20/2025,6/26/2025,"$180,327,690 ",-19%,"$188,715,812 ",-18.40%,68,How to Train Your Dragon,25
2025,6/13/2025,6/19/2025,"$222,612,326 ",47.60%,"$231,242,090 ",43.50%,63,How to Train Your Dragon,24
2025,6/6/2025,6/12/2025,"$150,793,466 ",-25.20%,"$161,171,971 ",-22.20%,69,Lilo & Stitch,23
2025,5/30/2025,6/5/2025,"$201,626,886 ",-49.10%,"$207,288,450 ",-48%,67,Lilo & Stitch,22
2025,5/23/2025,5/29/2025,"$395,853,924 ",182.30%,"$398,583,925 ",175.10%,62,Lilo & Stitch,21
2025,5/16/2025,5/22/2025,"$140,206,067 ",26.60%,"$144,884,295 ",24.80%,84,Final Destination: Bloodlines,20
2025,5/9/2025,5/15/2025,"$110,720,767 ",-40.50%,"$116,132,870 ",-39%,88,Thunderbolts*,19
2025,5/2/2025,5/8/2025,"$185,983,988 ",-2.20%,"$190,471,725 ",-4%,80,Thunderbolts*,18
2025,4/25/2025,5/1/2025,"$190,187,818 ",1.50%,"$198,368,610 ",0.30%,76,Sinners,17
2025,4/18/2025,4/24/2025,"$187,358,470 ",-9.50%,"$197,694,158 ",-8.30%,74,Sinners,16
2025,4/11/2025,4/17/2025,"$207,043,450 ",-16%,"$215,546,997 ",-15.30%,66,A Minecraft Movie,15
2025,4/4/2025,4/10/2025,"$246,463,785 ",171.70%,"$254,529,307 ",148.60%,73,A Minecraft Movie,14
2025,3/28/2025,4/3/2025,"$90,711,303 ",2.40%,"$102,367,834 ",2.60%,76,A Working Man,13
2025,3/21/2025,3/27/2025,"$88,596,475 ",38%,"$99,748,573 ",33.80%,78,Snow White,12
2025,3/14/2025,3/20/2025,"$64,203,953 ",-6.20%,"$74,537,687 ",-6.60%,78,Novocaine,11
2025,3/7/2025,3/13/2025,"$68,418,317 ",13.20%,"$79,762,454 ",7.20%,78,Mickey 17,10
2025,2/28/2025,3/6/2025,"$60,418,544 ",-31.50%,"$74,428,851 ",-26.40%,75,Captain America: Brave New World,9
2025,2/21/2025,2/27/2025,"$88,239,882 ",-54.20%,"$101,139,282 ",-51.30%,73,Captain America: Brave New World,8
2025,2/14/2025,2/20/2025,"$192,862,665 ",210.10%,"$207,758,715 ",172.40%,66,Captain America: Brave New World,7
2025,2/7/2025,2/13/2025,"$62,198,987 ",-32%,"$76,260,084 ",-29%,75,Dog Man,6
2025,1/31/2025,2/6/2025,"$91,413,098 ",28.40%,"$107,368,517 ",22.30%,68,Dog Man,5
2025,1/24/2025,1/30/2025,"$71,170,055 ",-29.60%,"$87,798,573 ",-22.90%,62,Flight Risk,4
2025,1/17/2025,1/23/2025,"$101,142,458 ",6.20%,"$113,931,067 ",7.10%,68,Mufasa: The Lion King,3
2025,1/10/2025,1/16/2025,"$95,208,875 ",-28.40%,"$106,422,271 ",-24.10%,63,Den of Thieves: Pantera,2
2025,1/3/2025,1/9/2025,"$133,064,659 ",-54.40%,"$140,144,062 ",-54.40%,60,Mufasa: The Lion King,1
2024,12/27/2024,1/2/2025,"$291,628,956 ",-2.40%,"$307,097,157 ",-1.30%,90,Mufasa: The Lion King,52
2024,12/20/2024,12/26/2024,"$298,846,023 ",146.80%,"$311,296,923 ",139.20%,64,Sonic the Hedgehog 3,51
2024,12/13/2024,12/19/2024,"$121,080,672 ",-29.10%,"$130,123,037 ",-28.20%,75,Moana 2,50
2024,12/6/2024,12/12/2024,"$170,672,105 ",-49.10%,"$181,339,586 ",-46.40%,72,Moana 2,49
2024,11/29/2024,12/5/2024,"$334,997,500 ",-16.20%,"$338,591,481 ",-16.50%,56,Moana 2,48
2024,11/22/2024,11/28/2024,"$399,670,846 ",367.90%,"$405,421,376 ",344.30%,58,Wicked,47
2024,11/15/2024,11/21/2024,"$85,414,614 ",-1.90%,"$91,246,420 ",-5.50%,69,Red One,46
2024,11/8/2024,11/14/2024,"$87,098,199 ",0.40%,"$96,591,267 ",-2%,68,Venom: The Last Dance,45
2024,11/1/2024,11/7/2024,"$86,754,102 ",-27.80%,"$98,565,700 ",-22.50%,78,Venom: The Last Dance,44
2024,10/25/2024,10/31/2024,"$120,177,763 ",45.10%,"$127,240,009 ",34.90%,73,Venom: The Last Dance,43
2024,10/18/2024,10/24/2024,"$82,839,552 ",-12.50%,"$94,320,179 ",-11.70%,74,Smile 2,42
2024,10/11/2024,10/17/2024,"$94,649,423 ",-9.30%,"$106,864,068 ",-5.30%,68,Terrifier 3,41
2024,10/4/2024,10/10/2024,"$104,297,683 ",-3.90%,"$112,811,509 ",-6.60%,67,Joker: Folie à Deux,40
2024,9/27/2024,10/3/2024,"$108,491,985 ",11.30%,"$120,835,837 ",12.40%,73,The Wild Robot,39
2024,9/20/2024,9/26/2024,"$97,491,579 ",-14.20%,"$107,462,043 ",-13.60%,71,Beetlejuice Beetlejuice,38
2024,9/13/2024,9/19/2024,"$113,624,154 ",-36.30%,"$124,351,589 ",-33.50%,63,Beetlejuice Beetlejuice,37
2024,9/6/2024,9/12/2024,"$178,285,655 ",70.90%,"$187,064,651 ",49.40%,66,Beetlejuice Beetlejuice,36
2024,8/30/2024,9/5/2024,"$104,307,320 ",-11%,"$125,232,538 ",-1.30%,71,Deadpool & Wolverine,35
2024,8/23/2024,8/29/2024,"$117,229,768 ",-38.10%,"$126,927,495 ",-36.40%,61,Deadpool & Wolverine,34
2024,8/16/2024,8/22/2024,"$189,497,673 ",-15.70%,"$199,432,867 ",-14.10%,67,Alien: Romulus,33
2024,8/9/2024,8/15/2024,"$224,907,642 ",-9.70%,"$232,051,096 ",-8.80%,62,Deadpool & Wolverine,32
2024,8/2/2024,8/8/2024,"$249,109,439 ",-39.80%,"$254,451,878 ",-38.90%,57,Deadpool & Wolverine,31
2024,7/26/2024,8/1/2024,"$414,145,498 ",85.30%,"$416,767,433 ",81.60%,64,Deadpool & Wolverine,30
2024,7/19/2024,7/25/2024,"$223,449,238 ",23.70%,"$229,500,084 ",21.90%,62,Twisters,29
2024,7/12/2024,7/18/2024,"$180,706,565 ",-23.40%,"$188,206,926 ",-22.50%,66,Despicable Me 4,28
2024,7/5/2024,7/11/2024,"$235,985,643 ",-12.10%,"$242,844,213 ",-14.50%,60,Despicable Me 4,27
2024,6/28/2024,7/4/2024,"$268,459,170 ",19.30%,"$284,188,984 ",22.20%,71,Inside Out 2,26
2024,6/21/2024,6/27/2024,"$224,966,608 ",-34.10%,"$232,604,957 ",-33.20%,71,Inside Out 2,25
2024,6/14/2024,6/20/2024,"$341,530,160 ",141.10%,"$348,317,577 ",130.90%,66,Inside Out 2,24
2024,6/7/2024,6/13/2024,"$141,679,404 ",58.30%,"$150,857,891 ",49.20%,59,Bad Boys: Ride or Die,23
2024,5/31/2024,6/6/2024,"$89,481,959 ",-42.20%,"$101,109,374 ",-37.50%,61,The Garfield Movie,22
2024,5/24/2024,5/30/2024,"$154,935,365 ",27.50%,"$161,817,046 ",24.90%,66,Furiosa: A Mad Max Saga,21
2024,5/17/2024,5/23/2024,"$121,493,181 ",-0.20%,"$129,539,121 ",0.40%,68,IF,20
2024,5/10/2024,5/16/2024,"$121,768,269 ",34.60%,"$129,053,948 ",30%,75,Kingdom of the Planet of the Apes,19
2024,5/3/2024,5/9/2024,"$90,448,887 ",18.90%,"$99,280,214 ",12.70%,75,The Fall Guy,18
2024,4/26/2024,5/2/2024,"$76,059,012 ",-5.40%,"$88,094,817 ",-0.40%,73,Challengers,17
2024,4/19/2024,4/25/2024,"$80,385,420 ",-11%,"$88,445,128 ",-12.40%,79,Civil War,16
2024,4/12/2024,4/18/2024,"$90,338,573 ",-14.10%,"$101,007,766 ",-10.30%,80,Civil War,15
2024,4/5/2024,4/11/2024,"$105,143,238 ",-40.40%,"$112,568,592 ",-39.80%,83,Godzilla x Kong: The New Empire,14
2024,3/29/2024,4/4/2024,"$176,272,527 ",28.60%,"$187,141,389 ",28.10%,85,Godzilla x Kong: The New Empire,13
2024,3/22/2024,3/28/2024,"$137,061,264 ",21%,"$146,069,521 ",20.30%,76,Ghostbusters: Frozen Empire,12
2024,3/15/2024,3/21/2024,"$113,279,471 ",-37.40%,"$121,432,674 ",-35.70%,74,Dune: Part Two,11
2024,3/8/2024,3/14/2024,"$181,018,480 ",22.90%,"$188,830,422 ",21.10%,70,Kung Fu Panda 4,10
2024,3/1/2024,3/7/2024,"$147,325,314 ",114.60%,"$155,901,330 ",89.30%,73,Dune: Part Two,9
2024,2/23/2024,2/29/2024,"$68,644,451 ",-30.80%,"$82,352,592 ",-27.70%,76,Bob Marley: One Love,8
2024,2/16/2024,2/22/2024,"$99,203,909 ",48.50%,"$113,850,842 ",37.60%,70,Bob Marley: One Love,7
2024,2/9/2024,2/15/2024,"$66,785,262 ",0.10%,"$82,749,827 ",4.50%,75,Bob Marley: One Love,6
2024,2/2/2024,2/8/2024,"$66,694,769 ",18.90%,"$79,220,944 ",5.30%,68,Argylle,5
2024,1/26/2024,2/1/2024,"$56,112,646 ",-20%,"$75,221,667 ",-13.40%,73,The Beekeeper,4
2024,1/19/2024,1/25/2024,"$70,128,584 ",-42.10%,"$86,829,127 ",-37.70%,64,Mean Girls,3
2024,1/12/2024,1/18/2024,"$121,177,517 ",22.60%,"$139,340,879 ",23.10%,62,Mean Girls,2
2024,1/5/2024,1/11/2024,"$98,815,976 ",-43.80%,"$113,187,949 ",-42.80%,61,Wonka,1
2023,12/29/2023,1/4/2024,"$175,935,441 ",-27.80%,"$197,762,530 ",-29.40%,60,Wonka,52
2023,12/22/2023,12/28/2023,"$243,668,058 ",127.60%,"$279,982,787 ",135.80%,59,Aquaman and the Lost Kingdom,51
2023,12/15/2023,12/21/2023,"$107,049,256 ",33%,"$118,745,712 ",22.30%,61,Wonka,50
2023,12/8/2023,12/14/2023,"$80,477,690 ",-28.40%,"$97,103,750 ",-24.70%,65,The Boy and the Heron,49
2023,12/1/2023,12/7/2023,"$112,326,147 ",-16.70%,"$128,977,378 ",-10.30%,61,Renaissance: A Film by Beyoncé,48
2023,11/24/2023,11/30/2023,"$134,798,910 ",-28.80%,"$143,743,625 ",-29.30%,56,The Hunger Games: The Ballad of Songbirds & Snakes,47
2023,11/17/2023,11/23/2023,"$189,389,127 ",88.10%,"$203,311,416 ",85.70%,57,The Hunger Games: The Ballad of Songbirds & Snakes,46
2023,11/10/2023,11/16/2023,"$100,666,510 ",39.80%,"$109,510,144 ",32.80%,66,The Marvels,45
2023,11/3/2023,11/9/2023,"$71,985,061 ",-52.30%,"$82,443,979 ",-47.40%,63,Five Nights at Freddy's,44
2023,10/27/2023,11/2/2023,"$150,771,230 ",51.60%,"$156,723,566 ",48%,65,Five Nights at Freddy's,43
2023,10/20/2023,10/26/2023,"$99,427,818 ",-32.40%,"$105,874,272 ",-31.30%,71,Taylor Swift: The Eras Tour,42
2023,10/13/2023,10/19/2023,"$147,035,022 ",61.90%,"$154,221,330 ",52.20%,63,Taylor Swift: The Eras Tour,41
2023,10/6/2023,10/12/2023,"$90,807,956 ",-11.20%,"$101,355,595 ",-10.70%,65,The Exorcist: Believer,40
2023,9/29/2023,10/5/2023,"$102,262,146 ",76.70%,"$113,481,212 ",57.20%,72,PAW Patrol: The Mighty Movie,39
2023,9/22/2023,9/28/2023,"$57,860,456 ",-23.20%,"$72,206,550 ",-15%,71,The Nun II,38
2023,9/15/2023,9/21/2023,"$75,338,001 ",-30.80%,"$84,932,052 ",-28.10%,60,A Haunting in Venice,37
2023,9/8/2023,9/14/2023,"$108,822,388 ",-7.70%,"$118,080,945 ",-12.90%,60,The Nun II,36
2023,9/1/2023,9/7/2023,"$117,897,263 ",12.30%,"$135,583,244 ",8.40%,64,The Equalizer 3,35
2023,8/25/2023,8/31/2023,"$105,022,637 ",-20.60%,"$125,131,982 ",-11%,76,Gran Turismo,34
2023,8/18/2023,8/24/2023,"$132,230,294 ",-21.30%,"$140,590,620 ",-19.70%,61,Blue Beetle,33
2023,8/11/2023,8/17/2023,"$167,942,868 ",-37%,"$175,110,767 ",-35.80%,64,Barbie,32
2023,8/4/2023,8/10/2023,"$266,703,622 ",-20.60%,"$272,739,360 ",-20.70%,58,Barbie,31
2023,7/28/2023,8/3/2023,"$336,057,419 ",-31%,"$343,938,376 ",-30.20%,58,Barbie,30
2023,7/21/2023,7/27/2023,"$487,132,062 ",140.70%,"$492,427,879 ",131.70%,57,Barbie,29
2023,7/14/2023,7/20/2023,"$202,421,352 ",-0.80%,"$212,492,533 ",-4.40%,64,Mission: Impossible - Dead Reckoning Part One,28
2023,7/7/2023,7/13/2023,"$203,970,128 ",-7.60%,"$222,242,726 ",-5.10%,60,Insidious: The Red Door,27
2023,6/30/2023,7/6/2023,"$220,651,110 ",34.40%,"$234,256,136 ",38.40%,53,Indiana Jones and the Dial of Destiny,26
2023,6/23/2023,6/29/2023,"$164,218,303 ",-32.40%,"$169,252,080 ",-31.50%,55,Spider-Man: Across the Spider-Verse,25
2023,6/16/2023,6/22/2023,"$243,019,307 ",3.40%,"$247,256,721 ",3.90%,55,The Flash,24
2023,6/9/2023,6/15/2023,"$235,053,969 ",-19.20%,"$237,894,632 ",-19%,58,Spider-Man: Across the Spider-Verse,23
2023,6/2/2023,6/8/2023,"$290,951,001 ",18.30%,"$293,843,593 ",17.80%,58,Spider-Man: Across the Spider-Verse,22
2023,5/26/2023,6/1/2023,"$245,921,612 ",55.90%,"$249,542,080 ",53.90%,61,The Little Mermaid,21
2023,5/19/2023,5/25/2023,"$157,732,470 ",23.60%,"$162,142,869 ",19.20%,60,Fast X,20
2023,5/12/2023,5/18/2023,"$127,617,539 ",-37.20%,"$136,059,404 ",-35%,61,Guardians of the Galaxy Vol. 3,19
2023,5/5/2023,5/11/2023,"$203,241,993 ",80.70%,"$209,196,725 ",62.40%,55,Guardians of the Galaxy Vol. 3,18
2023,4/28/2023,5/4/2023,"$112,478,818 ",-26.40%,"$128,833,530 ",-20.70%,63,The Super Mario Bros. Movie,17
2023,4/21/2023,4/27/2023,"$152,786,276 ",-16.30%,"$162,482,822 ",-13.90%,64,The Super Mario Bros. Movie,16
2023,4/14/2023,4/20/2023,"$182,489,593 ",-34.40%,"$188,649,202 ",-33.80%,70,The Super Mario Bros. Movie,15
2023,4/7/2023,4/13/2023,"$278,017,421 ",51.60%,"$284,947,488 ",45.70%,68,The Super Mario Bros. Movie,14
2023,3/31/2023,4/6/2023,"$183,428,574 ",24.70%,"$195,611,910 ",27.30%,71,The Super Mario Bros. Movie,13
2023,3/24/2023,3/30/2023,"$147,063,085 ",29.90%,"$153,677,362 ",27.40%,67,John Wick: Chapter 4,12
2023,3/17/2023,3/23/2023,"$113,230,818 ",-28.20%,"$120,581,335 ",-27.60%,62,Shazam! Fury of the Gods,11
2023,3/10/2023,3/16/2023,"$157,731,672 ",9.40%,"$166,546,588 ",9.60%,71,Scream VI,10
2023,3/3/2023,3/9/2023,"$144,237,883 ",25.90%,"$151,921,390 ",24.10%,76,Creed III,9
2023,2/24/2023,3/2/2023,"$114,530,891 ",-37.70%,"$122,420,424 ",-36.60%,73,Ant-Man and the Wasp: Quantumania,8
2023,2/17/2023,2/23/2023,"$183,771,488 ",150.90%,"$193,202,452 ",135.60%,65,Ant-Man and the Wasp: Quantumania,7
2023,2/10/2023,2/16/2023,"$73,245,180 ",-18.60%,"$81,991,386 ",-20.30%,69,Magic Mike's Last Dance,6
2023,2/3/2023,2/9/2023,"$89,952,549 ",11.20%,"$102,842,049 ",8.20%,64,80 for Brady,5
2023,1/27/2023,2/2/2023,"$80,874,575 ",-14.90%,"$95,030,470 ",-7.30%,63,Avatar: The Way of Water,4
2023,1/20/2023,1/26/2023,"$95,033,308 ",-33.20%,"$102,525,953 ",-30.60%,59,Avatar: The Way of Water,3
2023,1/13/2023,1/19/2023,"$142,235,096 ",3.30%,"$147,709,193 ",4.80%,51,Avatar: The Way of Water,2
2023,1/6/2023,1/12/2023,"$137,624,992 ",-21.20%,"$140,979,561 ",-20.20%,42,Avatar: The Way of Water,1
2022,12/30/2022,1/5/2023,"$174,584,090 ",-27.90%,"$176,585,127 ",-28.40%,47,Avatar: The Way of Water,52
2022,12/23/2022,12/29/2022,"$242,130,042 ",4%,"$246,487,640 ",4.30%,50,Avatar: The Way of Water,51
2022,12/16/2022,12/22/2022,"$232,765,223 ",414.80%,"$236,324,722 ",359.40%,47,Avatar: The Way of Water,50
2022,12/9/2022,12/15/2022,"$45,214,764 ",-31%,"$51,441,972 ",-28.40%,58,Black Panther: Wakanda Forever,49
2022,12/2/2022,12/8/2022,"$65,533,485 ",-39.40%,"$71,808,894 ",-37.20%,59,Black Panther: Wakanda Forever,48
2022,11/25/2022,12/1/2022,"$108,155,850 ",-31.70%,"$114,262,463 ",-31.50%,49,Black Panther: Wakanda Forever,47
2022,11/18/2022,11/24/2022,"$158,366,183 ",-37.40%,"$166,806,980 ",-34.90%,54,Black Panther: Wakanda Forever,46
2022,11/11/2022,11/17/2022,"$252,999,294 ",255%,"$256,405,792 ",228.40%,54,Black Panther: Wakanda Forever,45
2022,11/4/2022,11/10/2022,"$71,262,866 ",-17.40%,"$78,067,175 ",-15.10%,59,Black Adam,44
2022,10/28/2022,11/3/2022,"$86,294,773 ",-39.40%,"$91,912,422 ",-37.50%,61,Black Adam,43
2022,10/21/2022,10/27/2022,"$142,445,560 ",56.80%,"$147,141,895 ",53.20%,61,Black Adam,42
2022,10/14/2022,10/20/2022,"$90,872,745 ",19.70%,"$96,016,976 ",14.90%,58,Halloween Ends,41
2022,10/7/2022,10/13/2022,"$75,925,936 ",-2.20%,"$83,589,769 ",-5.40%,62,Smile,40
2022,9/30/2022,10/6/2022,"$77,608,975 ",4.30%,"$88,356,878 ",5.40%,74,Smile,39
2022,9/23/2022,9/29/2022,"$74,377,392 ",28%,"$83,863,729 ",17.90%,78,Don't Worry Darling,38
2022,9/16/2022,9/22/2022,"$58,104,893 ",27%,"$71,137,093 ",21.10%,77,The Woman King,37
2022,9/9/2022,9/15/2022,"$45,753,332 ",-25.60%,"$58,754,541 ",-29.60%,75,Barbarian,36
2022,9/2/2022,9/8/2022,"$61,477,939 ",7.50%,"$83,410,960 ",15.60%,68,Top Gun: Maverick,35
2022,8/26/2022,9/1/2022,"$57,167,640 ",-40%,"$72,138,393 ",-33.90%,64,The Invitation,34
2022,8/19/2022,8/25/2022,"$95,247,181 ",13.50%,"$109,213,701 ",10.20%,62,Dragon Ball Super: Super Hero,33
2022,8/12/2022,8/18/2022,"$83,895,113 ",-35.70%,"$99,091,629 ",-27.60%,64,Bullet Train,32
2022,8/5/2022,8/11/2022,"$130,463,673 ",-9.90%,"$136,951,863 ",-9.50%,51,Bullet Train,31
2022,7/29/2022,8/4/2022,"$144,821,635 ",-23.90%,"$151,253,777 ",-22%,54,DC League of Super-Pets,30
2022,7/22/2022,7/28/2022,"$190,271,137 ",-6.30%,"$193,910,125 ",-5.70%,58,Nope,29
2022,7/15/2022,7/21/2022,"$203,094,384 ",-39%,"$205,656,619 ",-38.60%,57,Thor: Love and Thunder,28
2022,7/8/2022,7/14/2022,"$332,866,662 ",11.30%,"$334,747,605 ",11.10%,58,Thor: Love and Thunder,27
2022,7/1/2022,7/7/2022,"$299,005,969 ",46.50%,"$301,269,907 ",46.10%,53,Minions: The Rise of Gru,26
2022,6/24/2022,6/30/2022,"$204,160,240 ",-14.70%,"$206,191,562 ",-14.60%,58,Elvis,25
2022,6/17/2022,6/23/2022,"$239,467,070 ",-18.50%,"$241,502,854 ",-18.80%,58,Jurassic World: Dominion,24
2022,6/10/2022,6/16/2022,"$293,808,398 ",63.10%,"$297,266,688 ",60.50%,59,Jurassic World: Dominion,23
2022,6/3/2022,6/9/2022,"$180,149,969 ",-35.60%,"$185,213,235 ",-34.90%,65,Top Gun: Maverick,22
2022,5/27/2022,6/2/2022,"$279,870,156 ",202.60%,"$284,297,922 ",189.70%,59,Top Gun: Maverick,21
2022,5/20/2022,5/26/2022,"$92,498,464 ",-20.70%,"$98,136,618 ",-18.50%,58,Doctor Strange in the Multiverse of Madness,20
2022,5/13/2022,5/19/2022,"$116,653,465 ",-57.50%,"$120,475,480 ",-56.50%,51,Doctor Strange in the Multiverse of Madness,19
2022,5/6/2022,5/12/2022,"$274,222,047 ",238.20%,"$277,112,562 ",219.60%,53,Doctor Strange in the Multiverse of Madness,18
2022,4/29/2022,5/5/2022,"$81,094,055 ",-30.20%,"$86,708,617 ",-28.30%,54,The Bad Guys,17
2022,4/22/2022,4/28/2022,"$116,142,835 ",-18.80%,"$120,952,706 ",-16.60%,51,The Bad Guys,16
2022,4/15/2022,4/21/2022,"$143,110,499 ",-6.40%,"$145,065,068 ",-6.90%,47,Fantastic Beasts: The Secrets of Dumbledore,15
2022,4/8/2022,4/14/2022,"$152,927,000 ",51.60%,"$155,777,728 ",48.20%,52,Sonic the Hedgehog 2,14
2022,4/1/2022,4/7/2022,"$100,842,439 ",-0.40%,"$105,100,204 ",-1.50%,55,Morbius,13
2022,3/25/2022,3/31/2022,"$101,249,416 ",-4.50%,"$106,734,194 ",-4.40%,61,The Lost City,12
2022,3/18/2022,3/24/2022,"$105,976,322 ",-21.90%,"$111,626,141 ",-20.20%,62,The Batman,11
2022,3/11/2022,3/17/2022,"$135,658,174 ",-36.30%,"$139,863,064 ",-35.30%,52,The Batman,10
2022,3/4/2022,3/10/2022,"$212,814,844 ",196.80%,"$216,125,188 ",170.20%,52,The Batman,9
2022,2/25/2022,3/3/2022,"$71,694,192 ",-43.40%,"$79,992,208 ",-40.20%,53,Uncharted,8
2022,2/18/2022,2/24/2022,"$126,706,188 ",66.90%,"$133,721,393 ",64.70%,58,Uncharted,7
2022,2/11/2022,2/17/2022,"$75,915,251 ",6.40%,"$81,194,788 ",5.40%,54,Death on the Nile,6
2022,2/4/2022,2/10/2022,"$71,334,671 ",76.50%,"$77,019,839 ",65.80%,56,Jackass Forever,5
2022,1/28/2022,2/3/2022,"$40,405,732 ",-26.60%,"$46,449,926 ",-23.50%,48,Spider-Man: No Way Home,4
2022,1/21/2022,1/27/2022,"$55,074,903 ",-42.10%,"$60,746,879 ",-39.20%,48,Spider-Man: No Way Home,3
2022,1/14/2022,1/20/2022,"$95,085,447 ",21.20%,"$99,933,491 ",20.80%,44,Scream,2
2022,1/7/2022,1/13/2022,"$78,462,189 ",-41.20%,"$82,739,591 ",-40%,37,Spider-Man: No Way Home,1
2021,12/31/2021,1/6/2022,"$133,399,486 ",-53%,"$138,002,850 ",-52.80%,40,Spider-Man: No Way Home,53
2021,12/24/2021,12/30/2021,"$283,924,384 ",-36.60%,"$292,405,496 ",-35.20%,40,Spider-Man: No Way Home,52
2021,12/17/2021,12/23/2021,"$448,028,645 ",716.70%,"$450,908,149 ",656.30%,46,Spider-Man: No Way Home,51
2021,12/10/2021,12/16/2021,"$54,856,586 ",-14.80%,"$59,620,990 ",-15.60%,50,West Side Story,50
2021,12/3/2021,12/9/2021,"$64,423,187 ",-44.60%,"$70,680,627 ",-42.80%,47,Encanto,49
2021,11/26/2021,12/2/2021,"$116,308,152 ",-16.80%,"$123,659,629 ",-17%,48,Encanto,48
2021,11/19/2021,11/25/2021,"$139,857,793 ",67.30%,"$149,051,502 ",65.80%,51,Ghostbusters: Afterlife,47
2021,11/12/2021,11/18/2021,"$83,607,699 ",-40.60%,"$89,924,449 ",-40.70%,40,Eternals,46
2021,11/5/2021,11/11/2021,"$140,732,951 ",66.10%,"$151,540,050 ",71.40%,46,Eternals,45
2021,10/29/2021,11/4/2021,"$84,733,979 ",-23.20%,"$88,414,755 ",-20.90%,50,Dune: Part One,44
2021,10/22/2021,10/28/2021,"$110,317,110 ",-18.50%,"$111,710,408 ",-18.30%,42,Dune: Part One,43
2021,10/15/2021,10/21/2021,"$135,340,292 ",-6.60%,"$136,795,787 ",-6.80%,40,Halloween Kills,42
2021,10/8/2021,10/14/2021,"$144,904,095 ",-7.10%,"$146,751,036 ",-8.50%,46,No Time to Die,41
2021,10/1/2021,10/7/2021,"$155,950,167 ",236.50%,"$160,377,703 ",218.90%,51,Venom: Let There Be Carnage,40
2021,9/24/2021,9/30/2021,"$46,346,732 ",-21.60%,"$50,290,427 ",-21%,52,Shang-Chi and the Legend of the Ten Rings,39
2021,9/17/2021,9/23/2021,"$59,105,804 ",-23.50%,"$63,629,567 ",-21.60%,54,Shang-Chi and the Legend of the Ten Rings,38
2021,9/10/2021,9/16/2021,"$77,213,372 ",-51.10%,"$81,149,728 ",-49.70%,59,Shang-Chi and the Legend of the Ten Rings,37
2021,9/3/2021,9/9/2021,"$157,782,148 ",106.10%,"$161,355,063 ",96.60%,50,Shang-Chi and the Legend of the Ten Rings,36
2021,8/27/2021,9/2/2021,"$76,568,298 ",-6.40%,"$82,064,205 ",-7.20%,59,Candyman,35
2021,8/20/2021,8/26/2021,"$81,832,765 ",-20%,"$88,460,481 ",-17.50%,49,Free Guy,34
2021,8/13/2021,8/19/2021,"$102,282,746 ",15.10%,"$107,173,681 ",14.70%,52,Free Guy,33
2021,8/6/2021,8/12/2021,"$88,882,420 ",-22.10%,"$93,429,312 ",-21.70%,57,The Suicide Squad,32
2021,7/30/2021,8/5/2021,"$114,081,309 ",15.60%,"$119,308,630 ",14.20%,56,Jungle Cruise,31
2021,7/23/2021,7/29/2021,"$98,700,860 ",-22.20%,"$104,492,311 ",-20.80%,61,Old,30
2021,7/16/2021,7/22/2021,"$126,946,209 ",-22.20%,"$131,872,999 ",-20.50%,47,Space Jam: A New Legacy,29
2021,7/9/2021,7/15/2021,"$163,081,749 ",45.80%,"$165,820,525 ",43.70%,41,Black Widow,28
2021,7/2/2021,7/8/2021,"$111,880,638 ",-18.30%,"$115,363,174 ",-17.80%,47,F9: The Fast Saga,27
2021,6/25/2021,7/1/2021,"$136,958,945 ",103%,"$140,426,117 ",99.80%,50,F9: The Fast Saga,26
2021,6/18/2021,6/24/2021,"$67,452,606 ",-21.10%,"$70,290,314 ",-20.60%,48,Hitman's Wife's Bodyguard,25
2021,6/11/2021,6/17/2021,"$85,507,031 ",-9.20%,"$88,574,520 ",-7.30%,45,A Quiet Place Part II,24
2021,6/4/2021,6/10/2021,"$94,211,484 ",-19.50%,"$95,498,185 ",-19.90%,45,The Conjuring: The Devil Made Me Do It,23
2021,5/28/2021,6/3/2021,"$116,994,985 ",524.50%,"$119,187,658 ",484.90%,47,A Quiet Place Part II,22
2021,5/21/2021,5/27/2021,"$18,733,229 ",-40.90%,"$20,378,092 ",-41.70%,46,Spiral,21
2021,5/14/2021,5/20/2021,"$31,704,906 ",11.10%,"$34,961,865 ",11.80%,48,Spiral,20
2021,5/7/2021,5/13/2021,"$28,534,296 ",-2%,"$31,270,379 ",-0.10%,48,Wrath of Man,19
2021,4/30/2021,5/6/2021,"$29,130,585 ",-51%,"$31,313,313 ",-48.40%,42,Demon Slayer: Kimetsu no Yaiba - The Movie: Mugen Train,18
2021,4/23/2021,4/29/2021,"$59,446,056 ",163.30%,"$60,722,724 ",147.50%,38,Demon Slayer: Kimetsu no Yaiba - The Movie: Mugen Train,17
2021,4/16/2021,4/22/2021,"$22,580,867 ",-28%,"$24,538,338 ",-25.40%,46,Godzilla vs. Kong,16
2021,4/9/2021,4/15/2021,"$31,341,390 ",-43.60%,"$32,872,762 ",-42.50%,43,Godzilla vs. Kong,15
2021,4/2/2021,4/8/2021,"$55,538,342 ",42.20%,"$57,137,115 ",38%,40,Godzilla vs. Kong,14
2021,3/26/2021,4/1/2021,"$39,061,840 ",96.10%,"$41,396,012 ",80.30%,48,Godzilla vs. Kong,13
2021,3/19/2021,3/25/2021,"$19,915,033 ",-7.80%,"$22,962,344 ",-4.20%,44,Raya and the Last Dragon,12
2021,3/12/2021,3/18/2021,"$21,594,395 ",-22.50%,"$23,972,278 ",-19%,45,Raya and the Last Dragon,11
2021,3/5/2021,3/11/2021,"$27,854,618 ",18.60%,"$29,602,325 ",18.40%,40,Raya and the Last Dragon,10
2021,2/26/2021,3/4/2021,"$23,487,412 ",164.40%,"$24,996,590 ",147.10%,39,Tom & Jerry,9
2021,2/19/2021,2/25/2021,"$8,881,951 ",-33.80%,"$10,115,048 ",-31.40%,41,The Croods: A New Age,8
2021,2/12/2021,2/18/2021,"$13,417,487 ",49.80%,"$14,738,089 ",53.20%,35,The Croods: A New Age,7
2021,2/5/2021,2/11/2021,"$8,957,870 ",-32.90%,"$9,621,991 ",-32.30%,36,The Little Things,6
2021,1/29/2021,2/4/2021,"$13,345,305 ",30.90%,"$14,211,103 ",28.30%,33,The Little Things,5
2021,1/22/2021,1/28/2021,"$10,198,423 ",-28.60%,"$11,076,863 ",-25%,37,The Marksman,4
2021,1/15/2021,1/21/2021,"$14,292,950 ",28.70%,"$14,774,235 ",29.50%,23,The Marksman,3
2021,1/8/2021,1/14/2021,"$11,101,685 ",-29.80%,"$11,409,751 ",-29.30%,26,Wonder Woman 1984,2
2021,1/1/2021,1/7/2021,"$15,810,577 ",-55.60%,"$16,130,221 ",-55.50%,25,Wonder Woman 1984,1
2020,12/25/2020,12/31/2020,"$35,645,037 ",256.70%,"$36,219,846 ",224.60%,32,Wonder Woman 1984,52
2020,12/18/2020,12/24/2020,"$9,994,339 ",48.10%,"$11,158,576 ",39.50%,38,The Croods: A New Age,51
2020,12/11/2020,12/17/2020,"$6,747,258 ",-26%,"$7,996,147 ",-22%,37,The Croods: A New Age,50
2020,12/4/2020,12/10/2020,"$9,113,682 ",-41.70%,"$10,250,177 ",-38.70%,41,The Croods: A New Age,49
2020,11/27/2020,12/3/2020,"$15,632,850 ",30.50%,"$16,708,864 ",21.60%,36,The Croods: A New Age,48
2020,11/20/2020,11/26/2020,"$11,982,001 ",-5.20%,"$13,742,140 ",-1.70%,46,The Croods: A New Age,47
2020,11/13/2020,11/19/2020,"$12,640,558 ",-9.40%,"$13,981,080 ",-5.80%,38,Freaky,46
2020,11/6/2020,11/12/2020,"$13,950,360 ",25.30%,"$14,838,502 ",20.20%,41,Let Him Go,45
2020,10/30/2020,11/5/2020,"$11,132,229 ",-5.40%,"$12,343,556 ",-11.50%,42,Come Play,44
2020,10/23/2020,10/29/2020,"$11,766,385 ",-20.40%,"$13,941,885 ",-14.10%,51,Honest Thief,43
2020,10/16/2020,10/22/2020,"$14,781,282 ",21.50%,"$16,229,827 ",20.70%,57,Honest Thief,42
2020,10/9/2020,10/15/2020,"$12,165,864 ",17.30%,"$13,446,315 ",14.40%,45,The War with Grandpa,41
2020,10/2/2020,10/8/2020,"$10,370,313 ",-9.20%,"$11,758,783 ",-5.70%,38,Tenet,40
2020,9/25/2020,10/1/2020,"$11,425,921 ",-22.80%,"$12,464,580 ",-19.10%,36,Tenet,39
2020,9/18/2020,9/24/2020,"$14,793,560 ",-13.60%,"$15,403,958 ",-11.20%,30,Tenet,38
2020,9/11/2020,9/17/2020,"$17,114,429 ",-28.60%,"$17,341,437 ",-28.10%,31,Tenet,37
2020,9/4/2020,9/10/2020,"$23,962,098 ",2.10%,"$24,107,364 ",1.70%,28,Tenet,36
2020,8/28/2020,9/3/2020,"$23,467,351 ",188.10%,"$23,705,367 ",187.90%,27,The New Mutants,35
2020,8/21/2020,8/27/2020,"$8,146,007 ",162.40%,"$8,234,319 ",161.20%,21,Unhinged,34
2020,8/14/2020,8/20/2020,"$3,103,865 ",165.40%,"$3,152,281 ",160.70%,24,The SpongeBob Movie: Sponge on the Run,33
2020,8/7/2020,8/13/2020,"$1,169,679 ",38.40%,"$1,209,292 ",41.60%,17,The Tax Collector,32
2020,7/31/2020,8/6/2020,"$845,070 ",-14.80%,"$854,110 ",-13.90%,15,The Rental,31
2020,7/24/2020,7/30/2020,"$991,561 ",101.80%,"$992,267 ",101.80%,11,The Rental,30
2020,7/17/2020,7/23/2020,"$491,369 ",-15.60%,"$491,828 ",-16.10%,11,Relic,29
2020,7/10/2020,7/16/2020,"$582,028 ",-12.60%,"$586,299 ",-12.90%,15,Relic,28
2020,7/3/2020,7/9/2020,"$665,702 ",26.90%,"$672,807 ",27.50%,14,Relic,27
2020,6/26/2020,7/2/2020,"$524,785 ",-32.40%,"$527,749 ",-32.20%,13,Becky,26
2020,6/19/2020,6/25/2020,"$775,932 ",0.60%,"$778,684 ",0.90%,15,Followed,25
2020,6/12/2020,6/18/2020,"$771,316 ",19%,"$771,415 ",19.10%,12,Becky,24
2020,6/5/2020,6/11/2020,"$647,894 ",160.70%,"$647,894 ",160.70%,7,The Wretched,23
2020,5/29/2020,6/4/2020,"$248,484 ",-26.70%,"$248,484 ",-26.70%,7,The Wretched,22
2020,5/22/2020,5/28/2020,"$339,051 ",63.90%,"$339,051 ",63.90%,8,The Wretched,21
2020,5/15/2020,5/21/2020,"$206,849 ",45.90%,"$206,849 ",45.90%,6,The Wretched,20
2020,5/8/2020,5/14/2020,"$141,730 ",8.90%,"$141,730 ",8.90%,6,The Wretched,19
2020,5/1/2020,5/7/2020,"$130,162 ",614%,"$130,162 ",614%,3,The Wretched,18
2020,4/24/2020,4/30/2020,"$18,231 ",107.40%,"$18,231 ",107.40%,2,True History of the Kelly Gang,17
2020,4/17/2020,4/23/2020,"$8,791 ",-50.10%,"$8,791 ",-50.10%,3,Resistance,16
2020,4/10/2020,4/16/2020,"$17,624 ",197.50%,"$17,624 ",197.50%,3,"Phoenix, Oregon",15
2020,4/3/2020,4/9/2020,"$5,925 ",12.90%,"$5,925 ",12.90%,2,"Phoenix, Oregon",14
2020,3/27/2020,4/2/2020,"$5,250 ",-6.80%,"$5,250 ",-6.80%,3,Strike,13
2020,3/20/2020,3/26/2020,"$5,632 ",-100%,"$5,632 ",-100%,4,"Phoenix, Oregon",12
2020,3/13/2020,3/19/2020,"$54,519,705 ",-54.50%,"$58,926,153 ",-56.20%,75,Onward,11
2020,3/6/2020,3/12/2020,"$119,859,142 ",9.70%,"$134,543,546 ",4.50%,100,Onward,10
2020,2/28/2020,3/5/2020,"$109,239,910 ",-2.40%,"$128,714,844 ",-5.40%,101,The Invisible Man,9
2020,2/21/2020,2/27/2020,"$111,872,409 ",-41.20%,"$136,094,614 ",-36.70%,105,The Call of the Wild,8
2020,2/14/2020,2/20/2020,"$190,302,035 ",78.30%,"$215,111,943 ",68.60%,98,Sonic the Hedgehog,7
2020,2/7/2020,2/13/2020,"$106,722,654 ",20.50%,"$127,579,254 ",13.70%,82,Birds of Prey and the Fantabulous Emancipation of One Harley Quinn,6
2020,1/31/2020,2/6/2020,"$88,561,600 ",-35.80%,"$112,241,086 ",-30.20%,73,Bad Boys for Life,5
2020,1/24/2020,1/30/2020,"$137,895,399 ",-36.80%,"$160,776,068 ",-34.90%,80,Bad Boys for Life,4
2020,1/17/2020,1/23/2020,"$218,203,326 ",36.90%,"$246,852,406 ",34.50%,82,Bad Boys for Life,3
2020,1/10/2020,1/16/2020,"$159,437,532 ",-8.90%,"$183,503,852 ",-4.30%,77,1917,2
2020,1/3/2020,1/9/2020,"$175,076,363 ",-50.90%,"$191,738,131 ",-49.20%,81,Star Wars: Episode IX - The Rise of Skywalker,1
2019,12/27/2019,1/2/2020,"$356,629,712 ",-23%,"$377,804,849 ",-22.20%,79,Star Wars: Episode IX - The Rise of Skywalker,52
2019,12/20/2019,12/26/2019,"$463,398,427 ",209%,"$485,547,943 ",199.30%,81,Star Wars: Episode IX - The Rise of Skywalker,51
2019,12/13/2019,12/19/2019,"$149,964,285 ",38.40%,"$162,246,015 ",30%,96,Jumanji: The Next Level,50
2019,12/6/2019,12/12/2019,"$108,389,339 ",-47.40%,"$124,799,870 ",-44.60%,104,Frozen II,49
2019,11/29/2019,12/5/2019,"$205,960,678 ",-33.60%,"$225,284,723 ",-34.20%,94,Frozen II,48
2019,11/22/2019,11/28/2019,"$310,099,772 ",158.40%,"$342,358,466 ",131.70%,112,Frozen II,47
2019,11/15/2019,11/21/2019,"$120,024,734 ",-14.10%,"$147,774,232 ",-13.80%,108,Ford v Ferrari,46
2019,11/8/2019,11/14/2019,"$139,687,187 ",5.20%,"$171,355,582 ",9.10%,114,Midway,45
2019,11/1/2019,11/7/2019,"$132,789,356 ",6.50%,"$157,058,718 ",4.90%,105,Terminator: Dark Fate,44
2019,10/25/2019,10/31/2019,"$124,693,175 ",-27.50%,"$149,669,678 ",-19%,120,Joker,43
2019,10/18/2019,10/24/2019,"$171,949,010 ",-8.50%,"$184,816,957 ",-8.60%,123,Maleficent: Mistress of Evil,42
2019,10/11/2019,10/17/2019,"$187,869,354 ",-7.90%,"$202,185,650 ",-6.70%,114,Joker,41
2019,10/4/2019,10/10/2019,"$203,930,000 ",79.60%,"$216,660,456 ",65.20%,110,Joker,40
2019,9/27/2019,10/3/2019,"$113,559,015 ",-26.10%,"$131,184,326 ",-22.30%,124,Abominable,39
2019,9/20/2019,9/26/2019,"$153,599,707 ",20.80%,"$168,838,131 ",12.90%,119,Downton Abbey,38
2019,9/13/2019,9/19/2019,"$127,100,656 ",-19.30%,"$149,537,267 ",-16.20%,126,It: Chapter Two,37
2019,9/6/2019,9/12/2019,"$157,563,161 ",60.10%,"$178,412,448 ",25.50%,108,It: Chapter Two,36
2019,8/30/2019,9/5/2019,"$98,441,070 ",-20.60%,"$142,189,067 ",-8.90%,108,Angel Has Fallen,35
2019,8/23/2019,8/29/2019,"$123,992,098 ",-15.20%,"$156,037,093 ",-12.30%,113,Angel Has Fallen,34
2019,8/16/2019,8/22/2019,"$146,225,422 ",-20%,"$177,854,993 ",-12.20%,118,Good Boys,33
2019,8/9/2019,8/15/2019,"$182,853,941 ",-15.20%,"$202,634,716 ",-10.90%,112,Fast & Furious Presents: Hobbs & Shaw,32
2019,8/2/2019,8/8/2019,"$215,607,128 ",-9.40%,"$227,524,503 ",-9.80%,117,Fast & Furious Presents: Hobbs & Shaw,31
2019,7/26/2019,8/1/2019,"$238,105,215 ",-36.30%,"$252,143,756 ",-35.50%,109,The Lion King,30
2019,7/19/2019,7/25/2019,"$374,083,483 ",107.40%,"$391,079,975 ",93.70%,113,The Lion King,29
2019,7/12/2019,7/18/2019,"$180,362,048 ",-32.20%,"$201,907,706 ",-28.30%,117,Spider-Man: Far from Home,28
2019,7/5/2019,7/11/2019,"$265,976,643 ",-11.70%,"$281,598,399 ",-14.80%,109,Spider-Man: Far from Home,27
2019,6/28/2019,7/4/2019,"$301,168,197 ",4%,"$330,476,970 ",4.40%,107,Toy Story 4,26
2019,6/21/2019,6/27/2019,"$289,503,923 ",55.50%,"$316,524,656 ",54.20%,110,Toy Story 4,25
2019,6/14/2019,6/20/2019,"$186,197,546 ",-19.20%,"$205,279,222 ",-15.10%,114,Men in Black: International,24
2019,6/7/2019,6/13/2019,"$230,500,786 ",-3.90%,"$241,798,277 ",-3.70%,124,The Secret Life of Pets 2,23
2019,5/31/2019,6/6/2019,"$239,911,356 ",-11.20%,"$251,058,341 ",-11.50%,116,Aladdin,22
2019,5/24/2019,5/30/2019,"$270,055,207 ",41.90%,"$283,652,332 ",39.40%,121,Aladdin,21
2019,5/17/2019,5/23/2019,"$190,276,031 ",-8.40%,"$203,520,860 ",-7.30%,120,John Wick: Chapter 3 - Parabellum,20
2019,5/10/2019,5/16/2019,"$207,635,630 ",-16.30%,"$219,497,995 ",-14.80%,118,Avengers: Endgame,19
2019,5/3/2019,5/9/2019,"$247,952,421 ",-52.90%,"$257,703,964 ",-52%,126,Avengers: Endgame,18
2019,4/26/2019,5/2/2019,"$526,831,980 ",303.80%,"$536,411,266 ",254.60%,126,Avengers: Endgame,17
2019,4/19/2019,4/25/2019,"$130,479,157 ",-7.40%,"$151,266,279 ",-6.60%,140,The Curse of La Llorona,16
2019,4/12/2019,4/18/2019,"$140,924,249 ",-21.10%,"$161,993,933 ",-15.90%,133,Shazam!,15
2019,4/5/2019,4/11/2019,"$178,674,464 ",4.30%,"$192,530,861 ",4.50%,128,Shazam!,14
2019,3/29/2019,4/4/2019,"$171,320,496 ",-9.60%,"$184,191,955 ",-9.80%,141,Dumbo,13
2019,3/22/2019,3/28/2019,"$189,488,269 ",12.80%,"$204,114,622 ",8.60%,127,Us,12
2019,3/15/2019,3/21/2019,"$168,013,234 ",-35.80%,"$187,942,023 ",-33.10%,129,Captain Marvel,11
2019,3/8/2019,3/14/2019,"$261,577,719 ",115.90%,"$281,109,887 ",85.60%,116,Captain Marvel,10
2019,3/1/2019,3/7/2019,"$121,138,709 ",-13.90%,"$151,459,712 ",-8.30%,111,How to Train Your Dragon: The Hidden World,9
2019,2/22/2019,2/28/2019,"$140,742,743 ",-6.70%,"$165,159,850 ",-10.10%,99,How to Train Your Dragon: The Hidden World,8
2019,2/15/2019,2/21/2019,"$150,793,114 ",13.70%,"$183,674,228 ",5.80%,107,Alita: Battle Angel,7
2019,2/8/2019,2/14/2019,"$132,570,757 ",89.40%,"$173,677,594 ",70.40%,108,The Lego Movie 2: The Second Part,6
2019,2/1/2019,2/7/2019,"$69,985,273 ",-28.10%,"$101,933,532 ",-26%,94,Glass,5
2019,1/25/2019,1/31/2019,"$97,386,320 ",-39.20%,"$137,684,269 ",-29.80%,93,Glass,4
2019,1/18/2019,1/24/2019,"$160,272,512 ",17%,"$196,159,206 ",12.50%,92,Glass,3
2019,1/11/2019,1/17/2019,"$137,036,122 ",-14%,"$174,387,441 ",-8.10%,92,The Upside,2
2019,1/4/2019,1/10/2019,"$159,383,048 ",-47.10%,"$189,701,458 ",-44.80%,98,Aquaman,1
2018,12/28/2018,1/3/2019,"$301,431,710 ",-17.60%,"$343,404,540 ",-17.20%,92,Aquaman,52
2018,12/21/2018,12/27/2018,"$365,938,858 ",147.30%,"$414,509,628 ",126.70%,89,Aquaman,51
2018,12/14/2018,12/20/2018,"$148,001,860 ",49.70%,"$182,879,464 ",54.90%,114,Spider-Man: Into the Spider-Verse,50
2018,12/7/2018,12/13/2018,"$98,855,806 ",-28.90%,"$118,024,971 ",-25.90%,122,Ralph Breaks the Internet,49
2018,11/30/2018,12/6/2018,"$139,119,897 ",-44.10%,"$159,339,998 ",-40.20%,118,Ralph Breaks the Internet,48
2018,11/23/2018,11/29/2018,"$248,898,805 ",-12.20%,"$266,372,185 ",-15.70%,108,Ralph Breaks the Internet,47
2018,11/16/2018,11/22/2018,"$283,597,723 ",38.60%,"$315,936,017 ",38.30%,117,Fantastic Beasts: The Crimes of Grindelwald,46
2018,11/9/2018,11/15/2018,"$204,609,233 ",19.10%,"$228,436,850 ",16.80%,133,The Grinch,45
2018,11/2/2018,11/8/2018,"$171,792,181 ",36.80%,"$195,592,903 ",32.10%,135,Bohemian Rhapsody,44
2018,10/26/2018,11/1/2018,"$125,604,075 ",-37.70%,"$148,052,491 ",-31.70%,138,Halloween,43
2018,10/19/2018,10/25/2018,"$201,740,323 ",20%,"$216,850,956 ",17.80%,129,Halloween,42
2018,10/12/2018,10/18/2018,"$168,167,013 ",-29.40%,"$184,035,791 ",-27.40%,138,Venom,41
2018,10/5/2018,10/11/2018,"$238,268,742 ",102.10%,"$253,603,575 ",81.10%,141,Venom,40
2018,9/28/2018,10/4/2018,"$117,890,375 ",15.20%,"$140,037,237 ",11.90%,143,Night School,39
2018,9/21/2018,9/27/2018,"$102,360,596 ",-19%,"$125,093,394 ",-15.50%,137,The House with a Clock in Its Walls,38
2018,9/14/2018,9/20/2018,"$126,406,042 ",-9%,"$148,009,449 ",-8.20%,138,The Predator,37
2018,9/7/2018,9/13/2018,"$138,857,002 ",23%,"$161,262,773 ",6.10%,131,The Nun,36
2018,8/31/2018,9/6/2018,"$112,931,144 ",-6.10%,"$151,983,826 ",1.20%,122,Crazy Rich Asians,35
2018,8/24/2018,8/30/2018,"$120,290,722 ",-26.80%,"$150,198,552 ",-23%,122,Crazy Rich Asians,34
2018,8/17/2018,8/23/2018,"$164,325,498 ",-12.30%,"$195,015,319 ",-13.90%,122,Crazy Rich Asians,33
2018,8/10/2018,8/16/2018,"$187,279,615 ",1%,"$226,431,042 ",3.50%,114,The Meg,32
2018,8/3/2018,8/9/2018,"$185,502,196 ",-17.30%,"$218,707,977 ",-11.60%,121,Mission: Impossible - Fallout,31
2018,7/27/2018,8/2/2018,"$224,339,388 ",-8.40%,"$247,412,373 ",-8.60%,125,Mission: Impossible - Fallout,30
2018,7/20/2018,7/26/2018,"$244,919,938 ",4.20%,"$270,678,091 ",4.40%,124,Mamma Mia! Here We Go Again,29
2018,7/13/2018,7/19/2018,"$235,108,274 ",-9.10%,"$259,320,155 ",-7%,112,Hotel Transylvania 3: Summer Vacation,28
2018,7/6/2018,7/12/2018,"$258,637,337 ",-9.80%,"$278,938,550 ",-10.90%,118,Ant-Man and the Wasp,27
2018,6/29/2018,7/5/2018,"$286,719,888 ",-27.10%,"$312,933,120 ",-23.30%,124,Jurassic World: Fallen Kingdom,26
2018,6/22/2018,6/28/2018,"$393,429,705 ",2.40%,"$407,998,267 ",1.10%,120,Jurassic World: Fallen Kingdom,25
2018,6/15/2018,6/21/2018,"$384,190,451 ",137.70%,"$403,621,055 ",122.80%,127,Incredibles 2,24
2018,6/8/2018,6/14/2018,"$161,608,590 ",13.70%,"$181,174,157 ",14.60%,132,Ocean's Eight,23
2018,6/1/2018,6/7/2018,"$142,124,184 ",-46.20%,"$158,144,979 ",-42.80%,121,Solo: A Star Wars Story,22
2018,5/25/2018,5/31/2018,"$264,374,930 ",-1.80%,"$276,358,973 ",-2.50%,135,Solo: A Star Wars Story,21
2018,5/18/2018,5/24/2018,"$269,319,118 ",63.20%,"$283,469,570 ",55.10%,132,Deadpool 2,20
2018,5/11/2018,5/17/2018,"$165,026,530 ",-20.80%,"$182,746,452 ",-18.60%,145,Avengers: Infinity War,19
2018,5/4/2018,5/10/2018,"$208,377,426 ",-47.90%,"$224,420,461 ",-46.10%,132,Avengers: Infinity War,18
2018,4/27/2018,5/3/2018,"$399,667,945 ",190.70%,"$416,289,826 ",154.30%,137,Avengers: Infinity War,17
2018,4/20/2018,4/26/2018,"$137,499,327 ",-20%,"$163,678,579 ",-17.40%,141,A Quiet Place,16
2018,4/13/2018,4/19/2018,"$171,931,933 ",-6.90%,"$198,042,210 ",-8.30%,143,Rampage,15
2018,4/6/2018,4/12/2018,"$184,706,683 ",8%,"$215,968,070 ",5.10%,131,A Quiet Place,14
2018,3/30/2018,4/5/2018,"$171,018,108 ",5.40%,"$205,442,044 ",2.10%,121,Ready Player One,13
2018,3/23/2018,3/29/2018,"$162,297,990 ",0.30%,"$201,170,963 ",9.90%,121,Pacific Rim: Uprising,12
2018,3/16/2018,3/22/2018,"$161,814,321 ",-6.30%,"$183,023,473 ",-7.20%,126,Black Panther,11
2018,3/9/2018,3/15/2018,"$172,712,657 ",-2.70%,"$197,178,640 ",-0.70%,121,Black Panther,10
2018,3/2/2018,3/8/2018,"$177,489,850 ",-22.40%,"$198,506,984 ",-22.40%,122,Black Panther,9
2018,2/23/2018,3/1/2018,"$228,624,483 ",-41.30%,"$255,715,632 ",-39.10%,118,Black Panther,8
2018,2/16/2018,2/22/2018,"$389,216,230 ",141%,"$419,745,271 ",108.40%,116,Black Panther,7
2018,2/9/2018,2/15/2018,"$161,482,194 ",81.30%,"$201,409,377 ",55.20%,115,Fifty Shades Freed,6
2018,2/2/2018,2/8/2018,"$89,083,583 ",-32.70%,"$129,767,460 ",-30.80%,110,Jumanji: Welcome to the Jungle,5
2018,1/26/2018,2/1/2018,"$132,347,194 ",-3.80%,"$187,471,873 ",1.90%,105,Maze Runner: The Death Cure,4
2018,1/19/2018,1/25/2018,"$137,579,638 ",-26.60%,"$184,047,126 ",-21.40%,107,Jumanji: Welcome to the Jungle,3
2018,1/12/2018,1/18/2018,"$187,542,971 ",-0.50%,"$234,295,238 ",6%,107,Jumanji: Welcome to the Jungle,2
2018,1/5/2018,1/11/2018,"$188,503,584 ",-37.30%,"$221,132,888 ",-34.70%,95,Jumanji: Welcome to the Jungle,1
2017,12/29/2017,1/4/2018,"$300,881,692 ",-29%,"$338,477,578 ",-27.60%,79,Jumanji: Welcome to the Jungle,52
2017,12/22/2017,12/28/2017,"$423,670,362 ",10.60%,"$467,332,600 ",14.40%,79,Star Wars: Episode VIII - The Last Jedi,51
2017,12/15/2017,12/21/2017,"$382,968,772 ",303.10%,"$408,585,324 ",255.40%,86,Star Wars: Episode VIII - The Last Jedi,50
2017,12/8/2017,12/14/2017,"$94,995,347 ",-25.70%,"$114,954,459 ",-18%,108,Coco,49
2017,12/1/2017,12/7/2017,"$127,798,857 ",-41.70%,"$140,246,350 ",-40%,123,Coco,48
2017,11/24/2017,11/30/2017,"$219,075,893 ",-30.50%,"$233,588,047 ",-28.90%,116,Coco,47
2017,11/17/2017,11/23/2017,"$315,310,226 ",81%,"$328,730,983 ",68.60%,115,Justice League,46
2017,11/10/2017,11/16/2017,"$174,174,745 ",-18.10%,"$194,963,666 ",-17.70%,136,Thor: Ragnarok,45
2017,11/3/2017,11/9/2017,"$212,660,354 ",170.50%,"$236,868,261 ",116.20%,139,Thor: Ragnarok,44
2017,10/27/2017,11/2/2017,"$78,627,030 ",-21.70%,"$109,543,154 ",-14.80%,144,Jigsaw,43
2017,10/20/2017,10/26/2017,"$100,470,457 ",-13%,"$128,545,990 ",-2.60%,142,Boo 2! A Madea Halloween,42
2017,10/13/2017,10/19/2017,"$115,420,822 ",-15.30%,"$131,950,497 ",-11.50%,146,Happy Death Day,41
2017,10/6/2017,10/12/2017,"$136,220,939 ",31.70%,"$149,160,302 ",24.20%,143,Blade Runner 2049,40
2017,9/29/2017,10/5/2017,"$103,429,957 ",-24.70%,"$120,143,224 ",-21.40%,144,American Made,39
2017,9/22/2017,9/28/2017,"$137,416,039 ",2.70%,"$152,942,112 ",3%,141,Kingsman: The Golden Circle,38
2017,9/15/2017,9/21/2017,"$133,837,531 ",-32.90%,"$148,499,678 ",-31.40%,148,It,37
2017,9/8/2017,9/14/2017,"$199,506,124 ",181.90%,"$216,627,670 ",92.40%,145,It,36
2017,9/1/2017,9/7/2017,"$70,774,174 ",4.70%,"$112,587,233 ",10.90%,132,The Hitman's Bodyguard,35
2017,8/25/2017,8/31/2017,"$67,568,343 ",-37.40%,"$101,552,490 ",-26.90%,133,The Hitman's Bodyguard,34
2017,8/18/2017,8/24/2017,"$107,985,954 ",-22.70%,"$138,860,067 ",-19.80%,129,The Hitman's Bodyguard,33
2017,8/11/2017,8/17/2017,"$139,713,151 ",-11.80%,"$173,131,832 ",-6.20%,130,Annabelle: Creation,32
2017,8/4/2017,8/10/2017,"$158,461,111 ",-22.50%,"$184,482,439 ",-16.50%,113,The Dark Tower,31
2017,7/28/2017,8/3/2017,"$204,439,850 ",-21.70%,"$221,011,063 ",-19.30%,122,Dunkirk,30
2017,7/21/2017,7/27/2017,"$260,932,805 ",12.80%,"$273,985,088 ",12.70%,118,Dunkirk,29
2017,7/14/2017,7/20/2017,"$231,379,299 ",-20.40%,"$243,096,748 ",-20%,114,War for the Planet of the Apes,28
2017,7/7/2017,7/13/2017,"$290,710,500 ",12.20%,"$303,727,567 ",8%,111,Spider-Man: Homecoming,27
2017,6/30/2017,7/6/2017,"$259,130,961 ",33.30%,"$281,182,034 ",30.80%,109,Despicable Me 3,26
2017,6/23/2017,6/29/2017,"$194,423,904 ",-28.20%,"$214,916,215 ",-26.60%,120,Transformers: The Last Knight,25
2017,6/16/2017,6/22/2017,"$270,857,018 ",35.40%,"$292,680,893 ",38.70%,119,Cars 3,24
2017,6/9/2017,6/15/2017,"$200,098,913 ",-22.10%,"$211,071,505 ",-21.40%,111,Wonder Woman,23
2017,6/2/2017,6/8/2017,"$257,016,845 ",25.60%,"$268,380,107 ",22.80%,118,Wonder Woman,22
2017,5/26/2017,6/1/2017,"$204,615,474 ",31.30%,"$218,533,507 ",25.90%,115,Pirates of the Caribbean: Dead Men Tell No Tales,21
2017,5/19/2017,5/25/2017,"$155,812,824 ",-2.70%,"$173,512,782 ",-1.40%,123,Alien: Covenant,20
2017,5/12/2017,5/18/2017,"$160,091,852 ",-31.20%,"$176,042,644 ",-29.20%,123,Guardians of the Galaxy Vol. 2,19
2017,5/5/2017,5/11/2017,"$232,845,232 ",126.60%,"$248,475,475 ",91.90%,117,Guardians of the Galaxy Vol. 2,18
2017,4/28/2017,5/4/2017,"$102,775,494 ",-12.10%,"$129,454,379 ",-8.10%,118,The Fate of the Furious,17
2017,4/21/2017,4/27/2017,"$116,914,535 ",-44.10%,"$140,940,360 ",-38.30%,120,The Fate of the Furious,16
2017,4/14/2017,4/20/2017,"$209,224,835 ",38.60%,"$228,479,867 ",32.40%,116,The Fate of the Furious,15
2017,4/7/2017,4/13/2017,"$150,992,825 ",-28.40%,"$172,540,812 ",-22.40%,114,The Boss Baby,14
2017,3/31/2017,4/6/2017,"$210,753,353 ",-17.30%,"$222,360,225 ",-17%,111,The Boss Baby,13
2017,3/24/2017,3/30/2017,"$254,888,561 ",-24.20%,"$267,856,889 ",-23.20%,107,Beauty and the Beast,12
2017,3/17/2017,3/23/2017,"$336,315,430 ",63.50%,"$348,996,112 ",53.30%,111,Beauty and the Beast,11
2017,3/10/2017,3/16/2017,"$205,667,563 ",-7.60%,"$227,604,378 ",-10%,114,Kong: Skull Island,10
2017,3/3/2017,3/9/2017,"$222,698,213 ",57.20%,"$252,960,428 ",49.60%,108,Logan,9
2017,2/24/2017,3/2/2017,"$141,705,398 ",-24.20%,"$169,125,603 ",-23.90%,88,Get Out,8
2017,2/17/2017,2/23/2017,"$186,990,395 ",-20.50%,"$222,117,063 ",-14.80%,90,The Lego Batman Movie,7
2017,2/10/2017,2/16/2017,"$235,189,400 ",137.50%,"$260,606,517 ",97.90%,96,Fifty Shades Darker,6
2017,2/3/2017,2/9/2017,"$99,044,614 ",-30.60%,"$131,654,279 ",-28.40%,105,Split,5
2017,1/27/2017,2/2/2017,"$142,754,460 ",-9.90%,"$183,789,954 ",-5.30%,103,Split,4
2017,1/20/2017,1/26/2017,"$158,473,129 ",-8.70%,"$193,994,143 ",-11.60%,102,Split,3
2017,1/13/2017,1/19/2017,"$173,560,332 ",4.50%,"$219,559,431 ",14.80%,86,Hidden Figures,2
2017,1/6/2017,1/12/2017,"$166,028,358 ",-40%,"$191,327,544 ",-38.50%,95,Hidden Figures,1
2016,12/30/2016,1/5/2017,"$276,755,601 ",-35%,"$311,003,351 ",-33.60%,85,Rogue One: A Star Wars Story,53
2016,12/23/2016,12/29/2016,"$425,787,155 ",30.10%,"$468,076,682 ",33%,98,Rogue One: A Star Wars Story,52
2016,12/16/2016,12/22/2016,"$327,391,706 ",237.30%,"$351,825,485 ",209.90%,112,Rogue One: A Star Wars Story,51
2016,12/9/2016,12/15/2016,"$97,054,247 ",-10.30%,"$113,543,682 ",-9.20%,125,Moana,50
2016,12/2/2016,12/8/2016,"$108,153,495 ",-47.50%,"$125,024,701 ",-44.30%,141,Moana,49
2016,11/25/2016,12/1/2016,"$206,096,604 ",-16.60%,"$224,632,572 ",-17.70%,131,Moana,48
2016,11/18/2016,11/24/2016,"$246,995,267 ",36%,"$272,804,552 ",37.70%,136,Fantastic Beasts and Where to Find Them,47
2016,11/11/2016,11/17/2016,"$181,563,018 ",-23.10%,"$198,097,131 ",-21.30%,139,Doctor Strange,46
2016,11/4/2016,11/10/2016,"$236,056,509 ",136.10%,"$251,689,176 ",109.30%,133,Doctor Strange,45
2016,10/28/2016,11/3/2016,"$99,997,914 ",-29.40%,"$120,277,440 ",-26.40%,131,Boo! A Madea Halloween,44
2016,10/21/2016,10/27/2016,"$141,663,312 ",25.30%,"$163,330,723 ",23.30%,137,Boo! A Madea Halloween,43
2016,10/14/2016,10/20/2016,"$113,024,865 ",-13.60%,"$132,518,142 ",-10.40%,140,The Accountant,42
2016,10/7/2016,10/13/2016,"$130,863,569 ",-1.50%,"$147,944,082 ",-1.60%,143,The Girl on the Train,41
2016,9/30/2016,10/6/2016,"$132,901,713 ",10%,"$150,273,974 ",10.20%,151,Miss Peregrine's Home for Peculiar Children,40
2016,9/23/2016,9/29/2016,"$120,828,346 ",27.30%,"$136,363,465 ",11.90%,145,The Magnificent Seven,39
2016,9/16/2016,9/22/2016,"$94,941,085 ",-10.70%,"$121,858,383 ",-9.40%,145,Sully,38
2016,9/9/2016,9/15/2016,"$106,356,361 ",6.40%,"$134,442,104 ",-10.10%,134,Sully,37
2016,9/2/2016,9/8/2016,"$99,986,588 ",-20.50%,"$149,628,708 ",-9.20%,117,Don't Breathe,36
2016,8/26/2016,9/1/2016,"$125,815,574 ",-20.60%,"$164,705,279 ",-12%,123,Don't Breathe,35
2016,8/19/2016,8/25/2016,"$158,392,118 ",-29.90%,"$187,165,556 ",-26.30%,117,Suicide Squad,34
2016,8/12/2016,8/18/2016,"$225,808,846 ",-27.50%,"$254,073,490 ",-23%,119,Suicide Squad,33
2016,8/5/2016,8/11/2016,"$311,633,928 ",19.70%,"$329,772,931 ",16.10%,113,Suicide Squad,32
2016,7/29/2016,8/4/2016,"$260,357,510 ",-1.30%,"$283,985,335 ",-4.50%,118,Jason Bourne,31
2016,7/22/2016,7/28/2016,"$263,801,214 ",15.40%,"$297,489,688 ",19.70%,127,Star Trek Beyond,30
2016,7/15/2016,7/21/2016,"$228,684,954 ",-24.90%,"$248,477,598 ",-23.30%,123,The Secret Life of Pets,29
2016,7/8/2016,7/14/2016,"$304,656,108 ",4.50%,"$323,895,350 ",4.20%,116,The Secret Life of Pets,28
2016,7/1/2016,7/7/2016,"$291,553,354 ",7.10%,"$310,795,591 ",6.70%,118,Finding Dory,27
2016,6/24/2016,6/30/2016,"$272,137,537 ",-21.30%,"$291,415,238 ",-19.40%,121,Finding Dory,26
2016,6/17/2016,6/23/2016,"$345,659,071 ",74.20%,"$361,778,568 ",65.40%,117,Finding Dory,25
2016,6/10/2016,6/16/2016,"$198,378,169 ",14%,"$218,751,484 ",14.90%,119,The Conjuring 2,24
2016,6/3/2016,6/9/2016,"$174,025,875 ",-26.30%,"$190,377,155 ",-23.10%,116,Teenage Mutant Ninja Turtles: Out of the Shadows,23
2016,5/27/2016,6/2/2016,"$236,011,076 ",39.80%,"$247,632,860 ",36.50%,122,X-Men: Apocalypse,22
2016,5/20/2016,5/26/2016,"$168,833,570 ",6.80%,"$181,470,823 ",7%,136,The Angry Birds Movie,21
2016,5/13/2016,5/19/2016,"$158,035,135 ",-45.80%,"$169,562,436 ",-43.80%,128,Captain America: Civil War,20
2016,5/6/2016,5/12/2016,"$291,503,831 ",140.60%,"$301,892,803 ",120.20%,126,Captain America: Civil War,19
2016,4/29/2016,5/5/2016,"$121,133,026 ",-20.50%,"$137,077,341 ",-19.10%,126,The Jungle Book,18
2016,4/22/2016,4/28/2016,"$152,328,345 ",-27.80%,"$169,457,225 ",-25.50%,131,The Jungle Book,17
2016,4/15/2016,4/21/2016,"$210,976,113 ",82.40%,"$227,357,903 ",68.40%,133,The Jungle Book,16
2016,4/8/2016,4/14/2016,"$115,682,844 ",-24.70%,"$135,033,390 ",-21.10%,123,The Boss,15
2016,4/1/2016,4/7/2016,"$153,564,815 ",-52.80%,"$171,163,378 ",-49.60%,122,Batman v Superman: Dawn of Justice,14
2016,3/25/2016,3/31/2016,"$325,666,509 ",102.80%,"$339,295,945 ",85%,116,Batman v Superman: Dawn of Justice,13
2016,3/18/2016,3/24/2016,"$160,619,298 ",-1.10%,"$183,382,558 ",-3.90%,129,Zootopia,12
2016,3/11/2016,3/17/2016,"$162,361,817 ",-10.90%,"$190,782,393 ",-8.40%,119,Zootopia,11
2016,3/4/2016,3/10/2016,"$182,230,212 ",53%,"$208,317,815 ",41.10%,107,Zootopia,10
2016,2/26/2016,3/3/2016,"$119,143,297 ",-24.40%,"$147,646,667 ",-20.50%,94,Deadpool,9
2016,2/19/2016,2/25/2016,"$157,561,659 ",-46.80%,"$185,742,605 ",-43.70%,110,Deadpool,8
2016,2/12/2016,2/18/2016,"$296,080,748 ",200.80%,"$329,793,400 ",160.40%,106,Deadpool,7
2016,2/5/2016,2/11/2016,"$98,437,500 ",-33%,"$126,658,082 ",-27.70%,99,Kung Fu Panda 3,6
2016,1/29/2016,2/4/2016,"$146,877,028 ",13.60%,"$175,098,230 ",11.80%,101,Kung Fu Panda 3,5
2016,1/22/2016,1/28/2016,"$129,331,831 ",-37.10%,"$156,607,426 ",-34.40%,92,The Revenant,4
2016,1/15/2016,1/21/2016,"$205,683,379 ",7.70%,"$238,871,426 ",11.80%,92,Ride Along 2,3
2016,1/8/2016,1/14/2016,"$190,991,525 ",-26.70%,"$213,602,441 ",-26%,96,The Revenant,2
2016,1/1/2016,1/7/2016,"$260,670,818 ",-46.10%,"$288,654,414 ",-45.40%,90,Star Wars: Episode VII - The Force Awakens,1
2015,12/25/2015,12/31/2015,"$483,986,309 ",-1.30%,"$528,565,948 ",3.10%,80,Star Wars: Episode VII - The Force Awakens,52
2015,12/18/2015,12/24/2015,"$490,576,052 ",445.50%,"$512,582,385 ",386%,85,Star Wars: Episode VII - The Force Awakens,51
2015,12/11/2015,12/17/2015,"$89,925,521 ",-20.30%,"$105,472,167 ",-18%,99,The Hunger Games: Mockingjay - Part 2,50
2015,12/4/2015,12/10/2015,"$112,860,146 ",-44.10%,"$128,585,893 ",-41.80%,104,The Hunger Games: Mockingjay - Part 2,49
2015,11/27/2015,12/3/2015,"$201,938,909 ",-23.40%,"$221,009,228 ",-23.10%,104,The Hunger Games: Mockingjay - Part 2,48
2015,11/20/2015,11/26/2015,"$263,741,064 ",123.90%,"$287,462,185 ",108.90%,112,The Hunger Games: Mockingjay - Part 2,47
2015,11/13/2015,11/19/2015,"$117,791,221 ",-41.80%,"$137,611,030 ",-38.10%,124,Spectre,46
2015,11/6/2015,11/12/2015,"$202,397,173 ",154.70%,"$222,330,376 ",117.40%,128,Spectre,45
2015,10/30/2015,11/5/2015,"$79,468,121 ",-31.90%,"$102,245,901 ",-26.10%,116,The Martian,44
2015,10/23/2015,10/29/2015,"$116,646,326 ",-16.60%,"$138,324,130 ",-13.20%,119,The Martian,43
2015,10/16/2015,10/22/2015,"$139,802,739 ",-4.30%,"$159,339,684 ",-2.60%,123,Goosebumps,42
2015,10/9/2015,10/15/2015,"$146,051,549 ",-18.90%,"$163,510,725 ",-15.80%,131,The Martian,41
2015,10/2/2015,10/8/2015,"$180,160,486 ",12%,"$194,094,453 ",9%,134,The Martian,40
2015,9/25/2015,10/1/2015,"$160,912,186 ",28.40%,"$178,104,358 ",20.40%,132,Hotel Transylvania 2,39
2015,9/18/2015,9/24/2015,"$125,278,039 ",22.30%,"$147,971,889 ",13.80%,123,Maze Runner: The Scorch Trials,38
2015,9/11/2015,9/17/2015,"$102,460,582 ",14.30%,"$130,021,845 ",-3.90%,116,The Perfect Guy,37
2015,9/4/2015,9/10/2015,"$89,655,180 ",3.30%,"$135,308,637 ",9.50%,106,War Room,36
2015,8/28/2015,9/3/2015,"$86,781,228 ",-26.50%,"$123,514,184 ",-18.20%,109,Straight Outta Compton,35
2015,8/21/2015,8/27/2015,"$118,033,861 ",-37.20%,"$151,043,437 ",-30.50%,112,Straight Outta Compton,34
2015,8/14/2015,8/20/2015,"$188,060,304 ",12.80%,"$217,243,616 ",9.70%,107,Straight Outta Compton,33
2015,8/7/2015,8/13/2015,"$166,668,244 ",-19.40%,"$197,998,776 ",-13.20%,109,Mission: Impossible - Rogue Nation,32
2015,7/31/2015,8/6/2015,"$206,831,051 ",-2.30%,"$228,033,383 ",-2.70%,107,Mission: Impossible - Rogue Nation,31
2015,7/24/2015,7/30/2015,"$211,623,059 ",-19.60%,"$234,284,409 ",-18.60%,109,Ant-Man,30
2015,7/17/2015,7/23/2015,"$263,226,406 ",-11.90%,"$287,718,827 ",-9.30%,111,Ant-Man,29
2015,7/10/2015,7/16/2015,"$298,663,190 ",45.20%,"$317,115,561 ",44.60%,111,Minions,28
2015,7/3/2015,7/9/2015,"$205,642,362 ",-28.60%,"$219,271,846 ",-29%,109,Inside Out,27
2015,6/26/2015,7/2/2015,"$287,936,011 ",-16.50%,"$308,982,327 ",-13.90%,113,Inside Out,26
2015,6/19/2015,6/25/2015,"$344,772,333 ",-9.60%,"$359,026,887 ",-8.80%,106,Jurassic World,25
2015,6/12/2015,6/18/2015,"$381,394,152 ",120.50%,"$393,685,383 ",109.10%,103,Jurassic World,24
2015,6/5/2015,6/11/2015,"$172,965,617 ",-6.50%,"$188,236,012 ",-4.70%,106,Spy,23
2015,5/29/2015,6/4/2015,"$185,007,929 ",-14.20%,"$197,581,693 ",-14.60%,102,San Andreas,22
2015,5/22/2015,5/28/2015,"$215,620,717 ",-6%,"$231,396,990 ",-4%,109,Tomorrowland,21
2015,5/15/2015,5/21/2015,"$229,442,324 ",50.90%,"$240,944,976 ",43.10%,110,Pitch Perfect 2,20
2015,5/8/2015,5/14/2015,"$152,015,224 ",-45.60%,"$168,341,793 ",-42.50%,105,Avengers: Age of Ultron,19
2015,5/1/2015,5/7/2015,"$279,355,345 ",183.40%,"$292,973,658 ",141.80%,119,Avengers: Age of Ultron,18
2015,4/24/2015,4/30/2015,"$98,576,762 ",-28.40%,"$121,168,729 ",-21.10%,126,Furious 7,17
2015,4/17/2015,4/23/2015,"$137,709,352 ",-10.90%,"$153,661,866 ",-7.30%,128,Furious 7,16
2015,4/10/2015,4/16/2015,"$154,534,173 ",-48.10%,"$165,748,533 ",-46.60%,116,Furious 7,15
2015,4/3/2015,4/9/2015,"$297,674,716 ",58.40%,"$310,171,232 ",52.70%,113,Furious 7,14
2015,3/27/2015,4/2/2015,"$187,867,298 ",24.40%,"$203,140,997 ",19.30%,105,Home,13
2015,3/20/2015,3/26/2015,"$150,960,533 ",-1.90%,"$170,340,262 ",-3.50%,109,Insurgent,12
2015,3/13/2015,3/19/2015,"$153,927,894 ",57.60%,"$176,458,901 ",45%,108,Cinderella,11
2015,3/6/2015,3/12/2015,"$97,655,510 ",-14.50%,"$121,657,937 ",-11.60%,111,Chappie,10
2015,2/27/2015,3/5/2015,"$114,282,869 ",-14.90%,"$137,546,307 ",-11.70%,108,Focus,9
2015,2/20/2015,2/26/2015,"$134,348,130 ",-49.20%,"$155,693,517 ",-46.50%,106,Fifty Shades of Grey,8
2015,2/13/2015,2/19/2015,"$264,466,422 ",63.70%,"$291,159,331 ",55.10%,102,Fifty Shades of Grey,7
2015,2/6/2015,2/12/2015,"$161,550,818 ",52.50%,"$187,711,999 ",37.60%,104,The SpongeBob Movie: Sponge Out of Water,6
2015,1/30/2015,2/5/2015,"$105,952,246 ",-38.10%,"$136,462,275 ",-32.70%,105,American Sniper,5
2015,1/23/2015,1/29/2015,"$171,072,262 ",-34.80%,"$202,836,555 ",-32.20%,109,American Sniper,4
2015,1/16/2015,1/22/2015,"$262,550,545 ",94.70%,"$299,050,139 ",80.60%,103,American Sniper,3
2015,1/9/2015,1/15/2015,"$134,822,729 ",-15.10%,"$165,590,418 ",-16.20%,102,Taken 3,2
2015,1/2/2015,1/8/2015,"$158,783,825 ",-52%,"$197,541,369 ",-49.50%,101,The Hobbit: The Battle of the Five Armies,1
